ch0_theta,ch0_alpha,ch0_beta,ch1_theta,ch1_alpha,ch1_beta,ch2_theta,ch2_alpha,ch2_beta,ch3_theta,ch3_alpha,ch3_beta,ch4_theta,ch4_alpha,ch4_beta,ch5_theta,ch5_alpha,ch5_beta,ch6_theta,ch6_alpha,ch6_beta,ch7_theta,ch7_alpha,ch7_beta,label,class_name
109.02159,231.46742,12832.852,172.46883,612.66254,4875.151,78.60872,929.45325,7192.532,79.85126,846.18317,13300.724,97.8013,404.85297,14648.094,228.11499,931.9068,7914.514,127.01743,1149.6333,4470.987,321.29742,512.9225,4574.292,1,Focus
1105.8531,13486.244,113.92649,712.12463,19267.613,55.010475,2892.8809,9036.972,2291.2002,1333.2576,36420.195,306.68555,985.02924,17291.738,882.1566,2125.23,35500.36,349.44943,1222.2885,21842.16,143.91605,2253.3943,11503.886,145.46135,0,Relax
179.2667,141.22005,8561.224,585.97186,1201.4028,12911.026,649.3423,567.8888,9248.741,117.444695,872.63385,4200.0176,429.5412,299.56284,4827.5864,538.06647,1014.6139,11433.902,523.58826,114.70574,8880.29,285.944,250.04633,5412.578,1,Focus
3314.6804,22296.154,46.37013,2035.1562,15470.554,109.9675,2240.0535,17014.627,3049.4004,514.2903,27569.64,343.0515,780.95233,8129.994,158.52556,1579.9972,22436.275,179.68411,736.43134,26940.793,123.32604,603.55994,15092.46,148.22751,0,Relax
2433.25,22754.068,164.66988,597.2405,44404.38,151.76323,1276.3876,36512.785,76.52724,1014.31134,35132.047,145.5695,1919.3632,20474.084,134.31148,583.97015,19688.264,342.64987,1204.6636,18343.008,138.24066,741.7049,31470.684,361.73987,0,Relax
2486.593,27404.607,266.8344,537.2634,14210.966,280.2929,1667.1824,33869.11,164.38905,3091.7666,17675.121,273.4857,1400.9467,27060.324,66.76803,1709.3744,32909.15,322.52332,1423.8373,13217.819,90.734695,1164.0098,45336.895,138.97572,0,Relax
721.22424,35838.9,192.10695,1298.0642,10379.846,2239.6572,742.22736,34848.43,182.37225,1438.2261,27170.05,113.60693,1213.1525,41184.695,289.96353,1970.751,47791.062,81.213715,345.93823,14538.901,346.54074,2308.5156,45860.473,130.00433,0,Relax
565.206,731.14996,6014.494,241.94305,587.12085,14344.425,180.27144,356.01083,3089.7234,528.34875,1041.9298,8266.835,122.853966,689.5469,5095.6685,360.5441,386.45328,5626.448,232.50046,312.24814,16133.673,120.719864,1030.9508,13837.3,1,Focus
472.18713,1224.0903,12662.719,261.55548,527.8734,6863.125,316.51837,429.9982,4633.8315,193.16109,710.5203,5652.183,688.7296,460.78574,5232.704,186.11496,276.4709,4422.6543,208.77103,112.85839,7648.0664,326.6529,392.019,13003.395,1,Focus
602.07623,13473.09,110.31527,1899.7362,7815.2515,242.20401,2984.0952,20145.973,125.66933,1399.356,42814.5,114.64914,1090.2069,34709.207,230.7535,1056.8514,32940.297,123.95176,1111.0192,27375.281,243.56975,1198.396,48435.41,122.004135,0,Relax
708.49725,41257.84,221.97424,3307.7747,26505.541,300.32327,3065.2524,10481.423,199.79282,8836.979,15593.286,303.386,896.52106,21718.29,746.0926,641.1548,29895.586,98.02268,859.0025,30280.285,122.62104,743.2698,18188.553,283.1805,0,Relax
461.7407,1433.8978,6409.574,389.3693,396.9871,6773.4844,134.8071,466.19577,2742.146,325.47092,653.89215,13491.675,141.15811,821.4873,7624.9844,253.8685,1157.879,12593.49,359.92386,393.05292,7843.08,169.1315,1466.084,15352.788,1,Focus
154.75504,625.30524,11463.565,167.1344,605.69275,13007.94,285.98215,804.43384,6108.502,171.85176,710.0897,7200.038,136.31483,458.54153,10756.118,351.5184,958.4033,9396.198,710.2326,909.2208,16148.538,389.2227,345.91898,5086.665,1,Focus
1568.008,22889.918,281.9288,3357.8345,43318.023,73.66288,897.3773,19460.486,1549.6943,1040.9108,23537.293,248.35808,1141.1514,44416.75,79.3617,1547.4757,33291.668,319.51718,663.2943,7378.9463,1446.5524,1950.4326,18717.332,270.21802,0,Relax
214.10558,545.6116,6660.791,568.7296,1016.7646,14523.257,257.7647,1141.9242,16514.705,276.78387,810.50305,10529.467,448.4526,962.6744,16441.969,165.46361,253.75377,7512.308,208.24995,249.88712,12311.448,259.87082,361.0393,5374.413,1,Focus
374.4753,1176.3463,12612.561,328.07202,899.0799,15741.447,242.62927,758.9655,1895.8203,320.4267,294.05945,5182.6294,458.6987,854.1537,7157.394,135.13252,628.8397,15017.141,247.64977,699.9406,15011.733,594.39154,281.22794,11190.783,1,Focus
528.20953,720.276,4418.0586,555.00653,633.5157,3864.6892,216.09052,422.27936,13327.68,223.90022,637.0997,12823.054,444.24753,710.9093,15575.285,253.98643,463.72586,4148.6743,158.27168,1567.5153,10122.888,598.06415,859.1345,7314.102,1,Focus
2766.1545,42929.65,116.85628,892.71765,27549.21,189.19516,937.8126,27991.998,263.95142,3159.132,14781.163,177.64615,1481.6733,43696.55,308.87253,487.6531,22216.33,74.37707,2613.9238,24949.877,237.96284,1634.9932,20410.82,368.102,0,Relax
248.88072,1232.6115,15540.096,555.2143,893.0337,11290.482,233.47462,192.32019,13318.299,355.47385,430.58282,7668.4897,447.58755,371.0026,8143.3813,152.94135,496.3933,13538.129,84.078865,640.5054,11654.816,99.113594,195.45752,10525.267,1,Focus
3075.03,26522.703,115.22625,1833.9928,35688.64,205.96213,868.2909,14920.385,99.19398,1686.6459,44441.08,61.969975,742.3151,16446.404,2463.2068,1684.4124,50884.254,93.37512,3254.3198,11601.611,251.18771,2943.455,33959.453,151.05211,0,Relax
125.77555,360.83542,4292.0845,382.7371,178.16487,4436.76,251.29782,5284.9077,2875.4353,380.1805,584.25037,9632.173,130.14723,500.6349,11017.561,340.38647,1397.9926,4501.881,415.62006,394.7093,6389.754,28.942883,1101.3872,4245.3853,1,Focus
354.85623,1199.5673,11400.637,147.02657,725.39624,5439.2617,98.812416,871.00116,2276.3833,191.62982,531.24805,5048.752,473.72604,1419.1196,11763.2295,530.7448,1018.4777,8976.33,160.92198,1191.7513,10252.195,129.69522,12557.607,4063.4548,1,Focus
722.7295,672.1749,12366.082,230.21039,359.40628,7902.4634,224.24588,1139.0559,6519.7866,223.12915,491.2315,5602.9326,189.37497,1005.51227,4466.119,417.51755,540.56396,11533.603,217.36226,699.4719,14096.207,346.582,375.583,4858.5435,1,Focus
416.53745,399.56284,4599.5957,204.06602,1194.3247,4655.292,510.3928,282.9427,14833.612,792.58215,616.25684,6057.079,131.01624,546.8334,2988.4563,188.98663,686.3648,5161.7925,400.3965,1136.7036,7272.455,169.95369,337.38626,8153.104,1,Focus
258.46262,768.5619,14067.99,264.02292,450.61032,16216.244,476.91122,413.0419,7330.4233,228.77173,315.8089,9372.753,331.7504,1259.5719,8550.125,550.7154,362.38766,4493.333,407.8832,377.22388,4542.56,702.23755,233.39563,7987.8823,1,Focus
156.84175,394.16248,4979.7026,150.5321,244.13374,11270.547,458.7547,960.1378,10250.671,247.58206,859.99713,5223.7544,123.26072,289.87903,12936.752,227.01749,523.99536,10643.867,243.58296,396.50598,11233.428,78.797005,1390.8274,2567.2134,1,Focus
15722.617,11655.333,132.8136,1606.747,11753.694,102.28153,809.5756,43981.906,290.21814,1428.4835,47656.098,238.03831,1951.7747,21269.629,115.703224,571.8991,10402.634,500.41766,3054.2544,20836.807,114.67944,1736.5961,25504.297,65.704,0,Relax
155.0008,1208.0284,8125.624,219.35025,520.5039,5061.324,347.71924,383.02658,9644.428,152.57584,1495.9655,4588.881,490.31406,602.198,8869.185,457.27747,101.09612,7514.519,156.61844,824.7806,7088.424,429.77933,565.75037,15274.113,1,Focus
574.61646,279.5675,9463.111,222.26175,664.1701,12529.695,380.2622,196.79828,5556.567,578.07697,359.31873,15372.728,206.71649,1621.9592,11047.993,139.9752,614.44324,10285.636,181.25162,1031.9382,3269.8425,169.13055,467.61893,9388.155,1,Focus
202.05293,933.3371,7632.729,208.72054,7313.02,2484.4478,450.78485,941.67773,5689.1406,346.6222,304.8442,10733.31,73.575325,816.80884,6307.1475,404.14456,214.08765,8305.958,225.42496,368.9137,5222.172,96.441605,628.9526,3292.3066,1,Focus
2367.983,32259.836,80.46385,1314.1593,26701.268,234.27556,1568.7305,11675.65,697.0974,434.1208,16791.111,122.93682,1977.3324,42631.51,123.62944,1786.9949,20055.883,104.30005,1342.4758,25570.62,361.4443,832.6975,27858.482,76.27896,0,Relax
2581.133,36820.156,241.87842,2265.8127,6964.234,505.64682,1518.952,18789.81,1683.2511,1356.0646,32243.992,233.48248,1495.8031,43988.18,136.0115,2953.3486,34211.293,129.35939,1156.435,24482.07,78.751816,5704.2744,3387.6614,88.12959,0,Relax
356.05618,1296.1263,10168.3,185.23619,496.15833,9010.957,561.0655,1460.3612,8376.048,178.51334,613.9527,9328.044,460.54974,385.65338,4191.969,199.72833,697.5726,2404.0742,419.83057,1313.2675,10595.809,587.74854,471.43216,9603.355,1,Focus
987.2507,42118.402,64.47712,941.9393,36487.707,171.22424,15185.923,9620.1875,90.120415,830.5669,26484.854,206.55035,2010.5945,44821.48,337.4372,1354.3182,38726.027,70.09,880.75775,43282.305,87.36936,1756.8367,17318.164,242.36873,0,Relax
1564.2208,29035.408,71.79244,552.01886,24417.674,1102.392,2418.9707,21186.21,87.28374,1141.3778,49386.992,203.39961,591.5345,14032.575,144.87793,1204.8685,47184.867,108.296,5664.339,6424.286,40.184666,1082.6884,21059.326,86.050156,0,Relax
803.6914,19532.834,86.36653,1294.2688,32030.227,172.32245,6321.856,8899.428,226.21313,1293.0267,47124.26,104.000404,743.71625,15652.14,68.12812,2613.6313,29857.768,76.318504,2704.6548,24878.062,72.840675,2582.945,5904.953,279.1056,0,Relax
87.82443,1175.5582,9226.478,284.08966,1315.4377,16202.024,153.6749,408.7615,8444.943,674.81647,332.71985,8643.025,435.7822,866.21826,6328.2817,312.03967,547.8095,14763.936,224.0112,1250.6683,10665.35,458.30762,259.78824,5096.449,1,Focus
236.81677,405.03015,10918.128,520.424,1175.9292,6857.759,253.7805,1211.6876,7608.7314,542.8849,719.733,12803.985,393.63626,1045.56,3699.593,498.90292,324.82233,7742.1484,325.12292,365.58365,16609.375,243.27116,1791.9229,1587.3456,1,Focus
110.901474,615.86926,12996.323,131.61308,389.71988,7667.909,154.10269,743.0661,16025.692,99.36864,241.31157,6371.7344,260.896,811.0691,4766.8535,402.89624,1105.7809,4125.6035,347.60782,853.75977,12085.833,112.45049,398.954,15288.946,1,Focus
4582.8984,3678.2185,142.4662,2639.7837,37149.17,165.69563,981.1498,37957.938,123.28931,1576.7522,27716.73,174.8969,3047.0908,11935.599,246.00156,1717.3235,23370.889,89.19645,393.44894,34758.613,188.57797,2862.6987,16938.346,279.8686,0,Relax
666.9215,391.42215,13179.892,163.16605,1113.3643,5430.9536,364.00247,819.3178,8029.4053,318.29443,174.4447,12035.871,536.4571,152.86078,10981.708,267.80356,798.83344,4610.9756,342.1244,2356.0833,1308.5609,396.3519,710.17615,3800.3074,1,Focus
920.6352,13802.753,91.513626,619.5006,46463.79,197.77437,1471.5144,19717.645,279.19278,757.77625,11872.029,237.29202,2238.9624,28860.35,164.88965,1737.368,24933.207,136.5623,788.1342,29751.674,300.01727,2139.419,14066.356,160.79126,0,Relax
2104.1873,44285.594,289.08057,800.4404,14047.108,541.38495,1141.2559,46854.145,99.6683,745.49243,36028.566,78.24131,2409.5244,31377.996,331.5744,929.66406,31361.908,190.13681,2430.4033,16729.805,291.89005,2199.307,25745.094,273.39713,0,Relax
610.68695,21832.67,196.7695,1219.7904,30149.068,55.242455,311.80362,20824.645,170.0086,1931.8826,29106.873,82.2129,1505.2872,30496.21,177.5187,736.22534,22965.506,78.918915,3392.9448,37777.363,169.21094,1796.4873,36865.734,209.82242,0,Relax
468.0215,2832.2434,1431.5021,159.76508,1373.1105,6060.082,158.50192,1103.8271,2747.3887,174.15157,861.41,6200.1216,186.76706,631.82764,2990.5063,155.0587,315.10483,5106.711,543.24835,461.7036,13265.803,102.26643,442.66324,1533.8716,1,Focus
1504.2672,34809.62,137.9498,2229.7383,42247.516,308.00122,1364.6355,38653.496,189.92892,3377.3901,6254.916,66.65519,1671.893,15603.442,69.84006,1522.8228,12227.018,67.77636,1263.2411,36034.52,171.5951,1849.1132,36048.89,105.326,0,Relax
300.60226,1103.559,14978.949,146.34189,707.6125,6189.824,255.12766,535.5292,4112.244,640.3661,542.6143,6803.344,134.00453,812.6859,12390.778,152.12425,249.57652,8037.741,221.27881,861.4798,6243.342,104.38874,1395.4718,13635.083,1,Focus
1050.9197,14114.956,1584.8569,297.5276,15922.236,190.08296,1588.6877,35557.758,233.80989,2958.3843,45512.434,164.10484,2070.0842,28850.523,168.57513,1907.9884,9547.492,2867.3188,2569.1387,6992.416,772.5072,1122.1754,14073.562,145.0704,0,Relax
980.47003,45967.445,314.38757,2143.287,33786.4,200.28644,755.3004,21137.402,196.0472,442.81516,37763.75,72.51913,1977.3566,19285.25,100.574394,1948.443,35161.992,138.83672,2591.7449,32324.27,277.1147,1699.6283,24547.55,191.47467,0,Relax
692.2292,35861.234,309.0929,1327.0618,29638.977,119.32427,707.19763,31305.209,270.53006,644.8572,15375.083,126.29734,1172.5172,17760.691,67.68479,1032.7687,14616.161,137.37633,866.5911,14001.269,324.66528,1018.4646,36478.973,120.52725,0,Relax
1918.165,18275.227,632.5895,1872.2782,12598.486,353.3188,1470.65,16001.886,79.33293,7651.68,16964.336,212.2345,2747.6255,11321.959,3353.5217,9444.514,19085.31,125.98576,3241.9429,13655.586,181.60791,1620.4816,26241.334,163.18709,0,Relax
1671.6388,36820.56,176.46773,2107.905,22586.434,53.48047,2332.8667,22477.508,109.204315,2589.6409,27402.557,163.48312,397.66174,16509.96,225.88942,1597.9948,21641.316,214.61658,1676.5397,41709.05,370.66495,1680.899,15330.624,329.2049,0,Relax
1337.897,19585.234,186.59406,994.21765,12727.769,133.90747,639.46375,15868.515,131.00737,1344.0603,41287.355,177.51727,484.3112,12371.822,1247.1432,886.77246,8610.342,877.1728,2947.271,21830.607,70.9628,2600.1758,38381.02,149.8632,0,Relax
1615.7218,12805.414,533.0699,1007.9503,17703.004,75.81699,1593.8663,13681.361,59.095615,7791.4053,21505.404,67.97258,2853.835,23212.879,286.03876,1325.3597,19715.963,922.4538,1530.0126,16062.917,188.82541,1306.7883,47136.742,111.19969,0,Relax
221.89229,789.3304,4654.493,474.38788,353.81458,3077.039,237.30963,943.642,9177.185,162.10925,616.02167,5845.5596,179.308,796.89813,7408.8545,251.95003,594.68646,14576.751,681.82025,772.9365,9763.724,105.82868,380.6948,12331.872,1,Focus
80.45545,778.0525,5564.244,171.62164,117.33193,6383.219,260.58334,1408.7513,2329.0767,403.99002,550.3272,16358.86,152.64801,894.9662,7846.9863,179.53267,337.5154,12313.53,216.75037,1426.7456,15301.693,84.94802,801.4445,7838.319,1,Focus
372.3926,609.41077,11400.41,338.20215,1125.6791,6441.8647,327.31946,563.8441,4574.115,558.5063,469.83902,15101.854,328.34125,6814.613,4855.0786,420.15527,426.45676,7034.085,642.1343,946.2003,4096.9424,226.29591,694.7315,6791.094,1,Focus
2405.6248,46949.14,124.15487,376.4746,28509.658,260.69232,720.3924,8630.421,2588.182,522.1804,14706.978,193.52968,1632.8129,18159.47,88.996895,2554.5786,38365.582,160.7402,519.51886,20255.664,1909.2952,3102.9976,26407.516,216.01527,0,Relax
3516.6423,16271.306,116.83353,2038.4895,46822.754,89.53817,625.33765,9842.411,288.62012,1356.5336,29740.02,81.90282,2330.7966,25136.908,68.51375,2354.4788,4308.0186,1377.5217,610.60706,38899.605,195.69987,1350.0161,21493.117,96.88172,0,Relax
1851.0734,5435.8887,1596.9751,2639.8997,40603.586,110.94894,1042.9408,17830.932,292.82788,4634.9937,25770.484,73.26915,1058.9518,19617.055,133.13097,1219.5662,15663.34,78.07604,2487.8457,28292.025,95.40228,1120.6047,47887.348,125.44544,0,Relax
1565.1523,14665.473,112.183685,10366.391,17238.9,110.35854,1691.1626,9939.666,190.98938,542.8429,24194.475,165.73798,8328.965,16657.062,211.82985,1378.8795,10369.215,173.41397,1338.2722,6173.562,1027.2941,640.1802,43783.12,93.98583,0,Relax
917.894,15554.399,669.30237,2810.7559,26197.9,183.72842,1290.2114,18466.809,120.33147,354.95093,17670.258,219.58994,882.1143,43006.363,127.83947,2049.9727,12549.498,4070.4407,1261.9951,25042.398,315.67532,1021.2584,45555.33,82.48408,0,Relax
300.14514,553.3221,7201.3296,214.43094,365.92215,9394.038,439.70602,332.89606,7116.2144,104.25848,547.8082,6273.1885,435.92426,941.6291,8788.286,269.95474,244.47461,8363.755,88.27551,355.3629,2096.645,547.0829,728.20447,14011.758,1,Focus
3554.5479,15360.373,97.03139,1430.7124,13913.023,114.65884,841.6261,15426.203,104.23925,1563.3192,19893.982,96.77343,10888.417,13363.569,45.110794,637.8383,39505.562,46.308586,2657.1604,36496.816,169.92221,1020.6922,30216.395,62.41126,0,Relax
1013.16864,36431.812,236.17223,971.1633,45335.812,206.52104,316.5751,45936.0,198.31602,3284.1482,26224.523,79.53266,946.51166,13091.492,1019.22815,1972.9768,36665.08,255.19952,2182.155,33399.746,74.44449,1614.6594,25701.19,367.1122,0,Relax
375.19446,223.09654,4566.4966,93.47511,496.87292,10120.527,561.4412,636.32965,10699.35,511.8754,257.72723,7982.5967,163.19716,1212.9847,11914.957,162.00468,369.0644,8057.705,565.6051,980.5101,9594.713,232.83923,970.33734,13098.337,1,Focus
2195.0205,50436.766,166.25232,1423.7892,6708.343,406.63837,838.0105,7518.534,2353.3433,2380.2234,15257.628,186.58794,3262.3013,25961.361,119.87862,890.01605,33094.043,212.54755,2666.9314,15883.467,1518.5283,756.64056,34705.086,292.5855,0,Relax
2369.8142,47246.203,310.55032,2229.6653,39224.863,186.03395,3630.8384,27808.408,205.07352,928.7034,24076.373,69.083664,507.79462,17318.973,129.459,3124.0845,13549.892,248.0776,445.63943,7103.317,2333.8655,2463.3179,12431.415,48.17259,0,Relax
1135.8293,48621.637,182.63155,961.1486,39407.523,221.99045,997.87366,48728.984,88.38648,2837.74,29956.834,266.46497,2725.3657,37971.434,185.88553,1412.5156,49981.453,145.69969,1580.5569,37680.7,141.21733,1346.5803,41257.004,208.98042,0,Relax
2984.6658,22398.633,594.266,1095.4767,7370.3604,400.3064,1048.538,44663.27,194.28625,1127.1816,10820.507,1155.0839,1881.0978,46204.645,345.58047,1808.3334,15837.613,905.99786,1663.6954,21809.201,204.6136,2526.9673,30617.297,267.52386,0,Relax
255.12627,304.66473,5528.0747,333.0005,251.01035,15385.716,384.55542,860.89307,7602.2017,133.80194,447.64145,7052.682,270.27402,1029.4664,7984.2886,312.06808,170.22815,5111.4546,410.80804,1210.4526,11607.122,214.87558,322.15164,8472.828,1,Focus
2511.072,24919.07,91.91258,1491.3651,19604.242,122.7003,1520.9083,15797.624,319.04147,1301.3663,13405.743,178.71207,1645.0519,16044.965,260.6991,3426.8247,39308.13,86.66882,1574.606,8972.581,65.74502,1986.3296,31241.684,84.11276,0,Relax
163.68634,1025.2267,5427.2754,617.0265,1320.1791,10760.944,225.65868,425.43063,5454.322,252.03282,764.6225,6121.903,313.9826,1015.3884,8758.963,380.4116,321.94247,15541.756,626.2241,1292.4991,15491.725,382.99228,201.25174,6912.5454,1,Focus
168.08986,686.4882,5032.8916,181.5442,819.34973,10485.698,206.20035,456.80264,5371.8076,452.62946,400.96817,11789.873,473.59012,235.87277,10453.797,183.2412,534.1643,8090.628,119.26387,489.52267,7229.3853,581.07965,367.634,2454.304,1,Focus
1271.2599,17248.367,2198.0925,2451.462,48873.285,295.12933,572.31244,31068.33,191.12883,393.51273,15715.469,94.61929,381.72296,14228.188,275.20358,2688.167,42424.99,165.04294,389.97314,10295.507,209.9159,326.51297,13980.249,144.86649,0,Relax
72.17542,420.25797,12373.405,235.96204,1167.8531,1617.4526,391.21332,460.09122,10895.325,278.48886,536.50226,9600.741,164.53215,804.9122,7103.23,432.5286,310.5205,7342.2983,327.0224,371.28894,15111.981,550.4471,198.45163,3873.9768,1,Focus
888.6769,40372.46,204.13112,1139.3564,12946.716,57.090908,2689.2815,42774.17,103.04062,784.3865,27726.334,328.9865,3200.1165,32073.312,72.68626,1843.4216,5683.327,735.32947,1945.3634,47102.1,76.87572,2250.4358,20352.916,98.31657,0,Relax
2344.65,4183.4043,1370.9312,1700.1871,19085.3,46.23329,1248.761,23800.7,244.12482,8386.155,13329.874,300.1839,1006.9386,18292.977,287.55786,456.79672,24832.73,174.24721,2719.6733,36996.434,77.62092,1599.887,40530.668,74.94314,0,Relax
228.83043,239.10901,11655.145,223.55745,1047.5636,4819.902,93.95142,591.8661,5593.074,424.49924,764.69366,6133.4683,190.37074,878.2295,12064.255,292.47192,366.32034,5793.124,101.25252,149.523,14607.997,424.87775,1085.8228,2063.474,1,Focus
1981.1943,45050.273,132.1187,1830.346,9699.774,3230.991,3036.2407,34262.188,225.29173,1228.0256,10877.098,1263.204,2491.267,36369.14,143.87244,1494.3938,17396.73,127.833466,595.09094,30343.057,380.04318,1432.9893,13702.506,88.29269,0,Relax
1205.4033,19256.484,218.93047,5548.606,7734.3735,113.714066,7690.5547,20720.527,158.87054,3493.6785,17215.492,64.9169,5544.52,7918.7573,119.82248,631.48035,14925.408,93.92794,602.22876,32422.012,52.009235,2688.6357,12890.205,223.25502,0,Relax
451.6244,290.51224,7548.0015,444.3676,653.63385,16050.376,149.22047,361.7244,4508.047,236.86754,303.6396,12801.047,286.66248,843.4848,7281.5464,396.53482,415.4259,10045.872,258.6495,1194.2991,6349.885,305.47092,277.15576,8972.359,1,Focus
546.8235,815.6261,4772.339,115.61048,1030.8107,16376.698,426.42426,548.7203,7898.722,497.247,709.602,15214.224,108.269165,517.4276,5361.112,146.76334,322.45172,9547.165,59.44435,615.9059,7118.412,308.24377,240.2317,4622.755,1,Focus
153.1169,432.7413,7277.2637,302.49396,811.78906,10677.177,481.91675,451.07285,15415.478,280.0801,271.24835,15623.807,584.87836,1079.9982,12631.398,376.91214,324.06943,15664.06,317.08374,734.9087,8444.436,450.4137,428.3808,5810.4062,1,Focus
1926.3768,31134.52,170.9027,751.736,12294.776,296.2838,2157.3726,10100.951,138.34981,1854.8297,11757.157,77.22774,849.6584,11201.594,3076.3774,1463.766,31480.068,428.9387,1388.7246,38868.367,224.26399,1527.6864,14787.569,166.2743,0,Relax
480.64886,137.95543,9827.611,310.40253,311.3654,4973.7764,237.41425,667.8329,4682.0493,130.14282,894.9272,15282.859,117.682205,991.67596,1209.8961,139.89468,381.622,5693.3896,281.7987,439.96512,9098.079,213.59154,578.66327,4377.5273,1,Focus
319.10596,961.94556,10753.192,536.68335,741.3613,9842.877,234.6845,530.00476,2867.4932,262.55994,790.14197,9672.349,154.1964,1198.8052,2989.17,443.77115,329.43912,11787.979,86.168335,338.88983,15035.629,188.73244,729.6122,12486.82,1,Focus
4942.687,6060.0356,188.78798,1830.183,21433.904,606.8444,901.96796,18177.803,346.50656,1396.5485,14839.759,103.517265,905.40076,14422.841,135.21655,2479.5857,17246.352,184.16216,2073.605,12236.652,192.07329,1085.374,25745.605,89.63965,0,Relax
1350.8663,19075.96,198.02121,839.10095,30955.979,358.3643,1679.7976,29824.037,110.6297,1167.1239,12393.457,81.889275,1594.9875,14924.486,205.85614,2398.6528,11957.554,140.84099,1397.6162,31035.45,164.17252,488.7832,16750.021,133.88074,0,Relax
320.7577,297.90244,6034.13,178.65282,1216.4836,6898.246,592.6824,911.3605,5552.5254,344.55954,750.43604,12006.821,107.58857,952.3763,6278.1,407.51706,468.61227,14778.072,221.83073,790.5711,5413.7295,112.168335,500.52408,13562.564,1,Focus
2528.5215,15858.199,114.78453,853.4428,46466.68,88.22649,1775.301,29876.926,372.8132,2177.089,35204.863,207.00198,2215.5989,32035.42,383.41315,3139.0168,18884.576,211.0522,1978.5569,14073.194,148.15088,2503.94,17396.74,2299.3833,0,Relax
454.64633,521.22675,11188.202,108.27409,906.29816,15452.127,367.14795,546.604,9562.19,343.44916,814.136,13225.643,363.63797,407.71988,7656.02,448.1014,1585.1454,13064.475,792.1808,598.3202,15515.368,97.57367,8609.225,3817.4895,1,Focus
247.90944,671.0381,15590.657,179.32452,740.61444,4642.126,362.08316,734.69037,13037.0625,178.0479,1067.8843,2868.9543,287.31876,430.96826,7143.8955,240.3718,1100.7933,3400.1155,149.84981,653.00916,6939.419,568.1885,397.3337,14567.696,1,Focus
342.62476,370.62457,15537.457,488.5026,1248.9902,2203.7007,396.32776,614.03204,12396.196,754.01953,575.65906,9878.867,280.3579,580.5881,6529.9297,134.25876,444.6346,4943.131,151.86716,210.75087,5323.263,294.36322,555.31244,5494.468,1,Focus
710.2874,738.15234,15041.557,500.13977,519.5247,11589.206,276.897,997.9344,5330.5283,298.9794,417.7735,9797.125,60.31271,521.0956,2327.85,166.16899,1372.7715,6465.2085,555.4695,912.949,5047.338,274.39536,196.52812,7003.3296,1,Focus
205.29901,371.0118,8002.889,121.82552,404.18292,3398.0798,151.85931,245.75595,14968.911,146.58228,850.2837,15414.809,133.66125,1162.3729,6964.9546,178.5134,1145.1123,6831.149,343.86163,654.33795,7550.3706,174.59128,836.07434,16071.033,1,Focus
483.1849,406.8962,14553.706,309.91498,345.3157,6401.6333,181.97856,284.8599,8636.302,602.8447,824.01184,7760.7817,137.89612,266.5672,3050.5725,202.60527,471.10532,4211.479,217.89322,1029.6792,4880.97,68.59998,715.7314,7438.606,1,Focus
176.70767,285.60797,7940.9243,365.07428,420.4815,9910.461,288.55258,373.52972,10482.986,162.80917,157.91243,4954.2656,146.09177,668.52844,4437.5356,136.75638,838.25323,12578.203,123.82311,294.85867,13513.846,353.95663,1076.402,7885.7734,1,Focus
302.1031,263.23996,14800.089,480.07858,315.65753,8274.63,620.2466,1196.5703,7741.9043,493.03247,507.7143,13947.214,282.77554,298.1313,12124.686,129.65222,559.24786,7874.0327,125.574905,277.6917,8558.263,537.2119,333.90378,5488.883,1,Focus
151.51389,1134.9169,3368.415,152.3853,221.824,2918.6873,259.8658,929.1101,16010.375,141.9941,320.16608,10022.136,572.903,933.79675,1635.3628,228.07448,986.00085,7355.626,514.718,484.92685,10060.755,419.5244,1211.734,9980.662,1,Focus
158.07431,1071.1741,4669.5767,258.362,1362.3898,4995.6826,528.21606,1432.6533,11671.29,228.43217,650.96234,11057.709,119.08006,595.60846,2454.822,458.51306,995.5799,10190.517,564.9163,351.53726,11754.475,198.34908,304.1385,9506.141,1,Focus
2435.7456,30403.125,241.63101,915.9444,5097.321,1087.471,2335.5713,31452.596,58.670547,1198.943,25902.564,171.10161,870.70447,7477.343,525.4823,2991.7737,20943.709,91.38796,1457.541,17532.56,57.30707,1727.613,4744.0723,1650.5146,0,Relax
1601.6682,34801.3,138.35909,2366.3577,9863.046,166.30074,3124.1865,40567.75,128.11424,1771.3267,38492.457,208.39024,846.3689,39470.01,150.46385,1351.1772,29587.453,110.675705,1468.8391,11270.091,97.8364,2149.7961,12267.032,74.55328,0,Relax
2238.0276,15905.829,142.0014,1189.4059,20290.877,79.28931,2661.0105,43791.28,122.42926,876.8815,18508.498,154.20517,1977.2357,17871.44,61.71943,785.799,25173.107,115.69253,1071.2675,33948.418,68.11237,526.61945,19643.004,2159.394,0,Relax
646.5334,379.39603,11927.893,289.91055,483.9687,2247.9797,635.0888,1088.5743,11819.48,361.4078,299.8537,9724.354,175.38324,246.72926,10388.854,359.48807,906.58167,13775.874,266.20688,702.10315,12089.894,203.1698,353.2885,8133.5034,1,Focus
2888.1072,25745.508,93.38844,870.0662,49227.06,380.53796,1491.6008,21081.398,84.26606,802.8935,33492.535,261.54868,626.363,26143.39,125.33017,431.61905,46649.023,333.52704,1344.08,14900.396,140.81699,582.0775,7727.21,80.983986,0,Relax
510.94354,314.91876,11858.98,519.2042,493.08157,15176.157,146.86858,353.8207,3829.727,150.91217,679.4227,5050.935,623.4875,353.4454,3839.2573,132.74036,329.1321,5015.0977,132.21625,1261.9166,4748.065,211.31233,561.2412,8339.37,1,Focus
1293.0033,10954.021,94.56883,1649.7296,41981.76,115.51082,2524.4321,21068.697,385.26746,1883.791,15825.026,46.60954,1179.2952,17691.863,51.901783,1787.3944,27323.322,200.31485,2088.1487,26786.908,103.70457,852.4403,19268.861,210.44958,0,Relax
76.68345,411.42773,13803.009,128.61119,823.39087,5789.3037,470.13803,308.75623,3375.92,190.9048,245.41782,16206.99,456.98044,332.16684,9554.058,136.14171,361.49197,14070.291,276.6498,536.6174,4686.5615,344.20023,830.63556,6180.978,1,Focus
147.81685,1036.982,5467.351,313.28168,714.90015,14202.207,119.21137,365.16928,4549.966,252.50995,367.3098,4661.807,164.42923,343.21658,10237.664,316.30667,126.02036,11428.854,132.4231,180.6593,5279.2866,243.94673,153.36789,11015.366,1,Focus
621.4366,130.58482,10202.605,202.60347,842.63116,5724.172,580.3926,601.66394,8761.975,628.2282,785.09265,11936.341,223.48688,1009.2138,5176.0786,281.5032,1030.551,10598.609,468.7064,170.62022,3996.1572,334.9342,514.618,5037.9536,1,Focus
2463.719,49883.418,168.22987,1278.675,16370.191,1835.6157,1399.095,26377.58,369.4242,3592.0537,19535.25,305.25528,1251.9995,25018.252,165.09105,857.9858,37038.19,282.77057,389.16928,19341.87,104.49581,664.4465,23919.863,69.01586,0,Relax
153.35046,763.5755,8275.326,290.5572,501.3684,9897.107,102.05819,1034.7937,12398.457,305.5881,184.04593,10063.196,544.81915,445.16196,9685.687,172.00648,618.0528,10991.233,528.0624,8396.496,4206.1377,506.0991,304.43964,1699.6458,1,Focus
313.84042,1184.4077,6370.8086,639.9958,413.01956,15072.478,395.58826,250.70235,2204.3083,592.8493,582.7767,6107.7646,347.43234,828.3019,7469.4224,502.5311,838.29694,12692.4375,140.23119,1635.2128,12241.51,96.79129,1475.2234,7460.0425,1,Focus
944.5877,48408.832,156.28613,2793.326,11556.913,95.52723,974.84015,16455.342,224.31061,1017.86804,26054.133,50.786766,419.42133,16428.865,192.98793,1742.0782,9898.057,188.1912,2036.9142,45113.27,222.87001,2464.9683,16817.809,3414.2,0,Relax
161.46039,472.73273,10456.516,364.5113,1278.5934,8584.768,130.55585,434.11774,7939.9395,505.7437,502.2302,4760.833,181.87267,568.20496,15698.446,317.19608,690.19336,4265.523,64.018974,351.9226,8924.648,739.1363,282.33353,4727.423,1,Focus
1100.407,19267.652,157.7651,2490.441,14474.252,121.87621,2827.5828,38539.69,225.15648,948.94684,47038.047,209.67004,1056.9581,10974.411,106.49879,1321.6156,12918.627,57.8157,2469.5264,18511.088,222.79655,1389.7095,23294.56,162.31859,0,Relax
164.85999,607.3025,1863.7656,520.55334,1101.5084,7804.819,713.6372,226.024,6342.0083,285.9749,377.23132,14520.949,574.02545,337.3637,10795.924,180.87094,961.7006,9135.47,1008.7106,1107.4767,4939.395,92.84324,342.07288,8300.866,1,Focus
1813.9175,39441.145,106.8215,1475.246,20668.967,77.922325,1674.4539,42239.246,174.35143,1276.2671,40363.51,155.2807,469.28973,14930.033,73.87705,1195.2328,14826.911,247.35605,2497.6736,15850.857,246.11467,3463.9163,24123.953,225.97763,0,Relax
257.12607,1439.683,13148.89,556.38104,545.3463,10023.058,340.1055,1247.8094,5129.107,132.56715,1626.796,4399.6025,500.29752,167.72198,3952.018,158.2901,582.87756,15705.037,290.67517,860.3602,9249.188,334.27313,529.21063,4328.9014,1,Focus
3085.025,36823.14,55.621082,734.8822,32433.396,251.236,2648.2056,31002.268,214.45258,2348.2805,25283.62,188.23637,3132.0503,12942.76,195.7957,1093.052,20886.736,53.939632,833.9243,14501.85,329.94534,3117.8892,35310.406,131.4913,0,Relax
707.2461,23302.744,84.45419,453.78754,18596.11,264.35718,2404.6438,26901.8,317.6416,875.0681,27046.742,149.05295,1169.6687,15624.528,108.97305,1699.7913,29444.16,161.22745,2790.72,26654.38,109.43082,3980.9092,6282.3623,100.89589,0,Relax
3597.9307,14069.778,123.45835,3214.1804,26309.768,201.2064,870.9395,25396.166,171.3119,840.1333,33164.086,140.3822,2212.0151,47600.895,120.121796,1578.8057,14162.616,254.97034,2257.364,27677.383,183.635,1941.4913,15067.705,355.5455,0,Relax
412.34677,375.16306,10694.538,181.72145,399.44034,13579.219,108.18271,366.52274,5284.2397,150.18834,699.2472,13816.628,253.11195,412.17508,12621.467,193.27415,1115.6554,9968.094,316.1744,669.068,6201.5527,342.0598,5646.4683,4327.6943,1,Focus
937.1989,28060.582,95.42068,752.0326,31724.426,94.49102,904.0353,27876.545,555.8866,2692.2778,29997.998,232.32292,1419.544,35577.996,166.43314,714.2039,35225.7,189.57767,2084.1104,20205.82,130.02275,706.0584,41823.348,268.52167,0,Relax
664.2496,48626.12,160.4448,642.301,29253.15,149.00497,3379.192,7995.736,151.62064,1187.4497,12621.005,2000.823,2276.5554,9750.8955,2378.7305,934.79175,34991.484,74.31835,1431.8058,41532.953,298.26282,2229.9941,18524.145,88.38292,0,Relax
59.94239,408.75735,5692.603,362.18454,355.9151,7391.1323,130.69806,556.0081,8776.306,425.9553,487.3059,8149.901,632.529,1245.5394,5657.5483,261.604,537.061,8677.885,379.1208,549.1888,2638.3123,111.505005,1111.3218,7431.6987,1,Focus
1516.2817,20201.555,233.05997,662.2376,21856.55,809.20386,965.66266,34760.53,192.9573,5320.7124,6194.3784,39.446663,459.758,7110.433,853.9751,442.18634,46192.508,230.00777,1653.7468,39072.78,256.8591,1004.16034,20004.5,231.95381,0,Relax
2390.8074,44492.54,289.51227,310.5207,16296.235,193.85419,1349.9424,41453.52,304.7224,822.1889,13361.085,230.08678,1270.3071,46757.785,109.636696,2574.586,36936.855,70.98815,2507.4646,29506.607,84.139946,735.8721,24044.598,165.76692,0,Relax
90.52179,229.90398,8290.486,526.16223,1304.3435,4498.769,447.76102,1206.1017,2551.8665,758.88104,604.33453,16705.992,809.86847,1005.0616,6558.3823,502.26627,337.77286,4384.2754,342.09665,363.28925,3776.3298,478.3468,800.1824,1530.8447,1,Focus
1109.4132,541.6849,16188.148,646.0035,1299.269,14376.746,223.13664,443.40982,6492.5723,329.78015,850.4572,16554.104,208.79503,331.1049,12432.173,471.65393,1077.9266,11894.877,203.32196,668.72876,6776.893,286.9358,98.57921,10288.118,1,Focus
708.87476,581.7029,10971.794,604.32654,861.287,9357.842,541.1224,1132.0754,1727.2648,410.61707,345.83417,10667.068,240.19438,570.845,4532.6377,676.8865,886.3731,1400.1876,111.429405,1277.3348,7229.6353,102.56566,463.11325,8617.602,1,Focus
154.44547,1145.845,5431.8584,618.36926,601.71545,6767.22,461.36484,590.1042,3955.2073,223.83542,1088.6034,10056.769,211.19388,1166.956,14782.898,558.04236,914.9235,4572.0127,406.66034,1185.3076,5634.897,700.1608,1291.3696,8120.426,1,Focus
307.62338,832.53546,6406.9683,392.51556,896.6728,8232.999,381.56256,450.44437,6669.6777,214.62267,597.7398,11422.382,501.49237,308.6725,7854.6313,315.42218,392.84357,8725.135,246.83736,774.7558,6860.9854,301.4898,883.8833,4746.425,1,Focus
2501.8037,16841.266,126.37436,1393.1554,38241.582,153.0091,2720.6458,17424.498,147.46501,769.6619,20113.666,208.54774,493.89072,16406.865,192.03204,4271.224,10306.73,194.45636,936.3207,13300.004,136.49718,6283.5127,24571.83,222.19601,0,Relax
718.2568,298.58743,7842.7905,123.47012,893.14716,3954.7166,531.0119,313.1615,8468.972,104.538704,1030.3923,4763.6587,577.37604,1078.6942,5973.9653,106.29658,167.31873,2573.3398,436.54794,693.4016,15199.604,136.96928,462.79776,13705.711,1,Focus
681.7574,16050.699,419.64236,9013.32,8106.506,170.79982,3021.8838,22362.57,75.1205,1257.5098,20040.162,124.663414,1835.309,12360.741,3315.5803,2158.1812,36922.6,87.002655,806.47394,27120.045,87.601135,1738.0365,23737.209,197.26297,0,Relax
517.86847,629.59216,8260.795,276.08206,422.11316,16422.89,600.69366,337.84308,9646.7705,168.53958,371.04904,13831.228,211.8222,650.5019,4477.6997,120.42863,321.3549,12355.103,374.58817,453.37982,9478.242,101.77078,551.2401,12477.472,1,Focus
158.81042,326.44122,14385.581,474.49454,1141.2754,9878.708,542.2459,389.1651,12811.61,169.45702,904.339,9690.685,703.1767,207.20763,11588.124,263.4589,560.46625,7098.246,310.47488,465.63,11027.868,339.06842,1476.3845,14310.782,1,Focus
2694.6025,29092.664,163.71718,1451.3438,21229.516,100.28183,1036.4662,34380.133,93.22299,2027.8442,38576.516,192.4055,1471.0879,34615.16,124.0089,1414.9196,33183.23,51.89429,2111.5103,42545.285,205.57552,3636.729,39239.555,65.032295,0,Relax
755.627,40874.742,308.71024,1272.3756,16295.146,312.5825,1452.5302,14080.361,60.053703,713.65625,23525.643,61.303165,1719.5477,29828.043,346.67227,1524.4158,27225.027,183.49245,1150.6191,33464.582,100.82465,2388.5083,27029.604,268.30292,0,Relax
4362.443,6925.6787,285.9586,1010.46765,35552.62,161.41833,1240.7423,19958.037,82.17913,2899.3865,8326.457,201.92236,1018.1574,12728.432,46.67838,2573.3538,27555.293,130.50821,2332.7957,43755.64,179.88199,744.60785,44235.93,258.64355,0,Relax
129.25945,709.53766,5542.4062,125.70365,705.2073,11779.008,361.3441,502.53476,6617.4854,219.718,1172.7959,8475.288,188.90692,727.50775,8727.122,177.36238,290.2834,11783.391,637.3786,1151.1057,13556.341,178.74767,446.7393,5832.851,1,Focus
476.5984,39814.51,341.38293,1383.7568,25386.33,165.93228,2104.909,19090.963,58.56224,2596.7778,13358.298,199.93326,13561.478,11085.354,137.96596,252.02255,19709.812,117.16116,2241.6204,40884.03,81.20649,1336.4436,44333.08,139.18161,0,Relax
585.3521,344.32544,5249.7705,149.12883,584.83514,6859.7847,533.9187,1153.5764,3908.3762,330.5707,1095.6072,4279.523,338.31155,621.55115,13241.431,176.12581,817.83997,4550.094,66.14778,323.8589,1479.4899,507.32327,330.2145,15517.256,1,Focus
1697.5751,19484.188,243.6012,1956.1616,11802.602,557.0435,10993.002,13967.872,64.55954,516.8639,25811.967,71.41784,2585.505,36339.137,234.76755,243.2473,35925.93,296.5669,528.5377,41668.547,234.92656,2219.6145,12623.757,605.4125,0,Relax
1968.8192,32229.715,139.74968,979.4848,15351.245,252.95312,4849.121,8530.18,76.01835,979.8086,30585.783,159.09987,1530.121,15021.808,138.49728,854.5303,38910.727,56.124466,783.68396,33733.91,178.93759,1575.5985,16992.783,50.070103,0,Relax
496.22244,706.8274,11211.572,135.47575,1195.485,8805.93,115.714554,535.5366,12022.3955,436.48535,1113.406,8018.8086,450.3029,434.67975,5223.9863,77.07133,610.7954,5501.911,250.39743,695.79865,13930.466,221.96611,825.9911,5288.3354,1,Focus
1296.731,21010.545,66.613174,781.05304,11091.921,75.31065,2289.0874,43530.242,59.040558,2207.2114,19068.598,232.22733,3871.344,14666.689,168.31236,1652.7396,32786.69,176.76555,1022.7993,22649.686,271.20636,977.26135,6739.194,2158.3105,0,Relax
965.67633,31110.895,141.41425,1892.3351,39815.867,103.52301,755.4959,16762.188,168.87071,807.6393,14833.8545,152.00003,2093.5369,37961.125,242.70644,1474.5054,47700.055,91.2526,819.2985,43100.426,185.88652,2066.4602,18083.896,193.4439,0,Relax
199.9311,398.59476,7934.139,289.2058,770.40436,10399.933,347.65897,467.14197,11703.568,96.10576,844.65485,3773.0974,102.752495,595.75476,5464.839,768.0781,308.7248,6536.143,347.2683,916.404,6490.941,87.76883,401.26593,4116.7197,1,Focus
365.69333,435.30386,9436.038,755.5084,1167.6112,3189.269,277.99762,830.5553,11758.685,456.3026,556.5208,14732.167,202.86263,465.24255,14439.931,345.93634,1323.8245,6589.762,167.83836,359.4463,13122.607,308.37933,229.29657,4004.2952,1,Focus
66.45192,1021.558,9963.131,302.71243,458.2625,8748.211,586.41797,1121.132,4478.587,189.5792,314.93515,6423.896,527.3415,361.97913,4789.1807,410.73172,979.18646,13912.228,381.18716,324.3054,5078.483,263.01144,1221.3131,8901.902,1,Focus
149.4168,1062.3235,6954.3438,176.95006,578.9709,9413.335,357.52478,460.41577,10741.123,696.8886,619.616,4858.6177,130.28493,310.57703,11200.294,90.56754,892.2262,4558.8213,78.15204,346.3495,8266.764,496.17413,603.66205,12658.41,1,Focus
211.18794,762.01227,5380.535,333.04898,140.63362,11709.483,378.01126,612.1081,9605.164,301.84912,526.83276,5692.2915,218.74861,1058.3187,1647.5105,348.69278,286.64227,8562.053,105.480255,212.50615,4659.8896,171.84787,217.94658,3505.276,1,Focus
1446.9578,11550.713,220.409,1157.0598,16636.64,229.68686,1232.2003,12140.745,122.87217,2237.0857,16152.191,288.56363,1406.3666,16288.24,251.64146,1867.5548,22156.514,994.83417,2452.3018,19405.787,114.00932,1710.9377,17545.205,196.81856,0,Relax
202.96365,1138.4984,4760.856,357.4588,1369.9865,7398.06,174.35995,498.83353,12440.1455,258.649,862.46906,2384.6118,174.67953,1203.3885,13724.945,330.2256,510.4128,13327.414,572.93,318.49548,13905.931,368.13895,596.442,15044.454,1,Focus
499.59854,40111.4,295.13855,1969.2725,18838.045,218.5901,437.77347,26705.168,83.34688,1588.3851,16003.503,157.56232,702.6504,36622.31,374.35928,3226.1584,31339.072,82.73537,1007.7585,32488.355,133.1047,995.15186,26770.748,189.4492,0,Relax
394.48047,289.79416,7433.524,118.2418,1079.3257,8727.033,298.0271,393.7505,5243.698,617.1043,534.61945,5636.4985,499.34528,548.0402,5391.892,174.83292,780.4501,9253.003,328.6091,659.36456,7469.4067,480.6532,600.8187,6962.3184,1,Focus
2968.801,9581.689,296.63733,1271.1741,39491.973,97.004845,1231.2875,27716.922,137.88724,1770.0868,21792.248,273.98837,2526.9548,32570.203,259.59186,2618.5933,19569.305,260.6177,818.4148,42695.367,48.80238,1242.3467,9979.061,1155.6489,0,Relax
2562.5955,28933.65,275.48236,2298.6057,29504.213,255.99371,237.71503,16578.268,151.99194,1353.8339,8263.783,2624.463,3052.387,25597.033,87.9904,1680.26,19006.094,60.440807,911.78674,16612.361,268.66452,1728.7367,32638.305,151.57469,0,Relax
664.2837,886.30426,5232.957,150.25359,269.4847,10305.075,431.8119,612.3502,4697.464,440.1981,718.9264,14893.312,116.65042,1119.8203,10095.149,552.96423,359.66168,7561.489,339.94492,384.83987,4821.9746,127.47188,1220.458,11132.308,1,Focus
2043.6405,38856.52,208.60403,1783.046,22374.74,62.737705,3339.8752,32203.375,109.13058,1660.3163,12989.488,255.8881,848.5597,13677.778,155.29274,922.547,36419.395,128.19536,1176.0162,5554.0337,1553.6469,3096.569,18766.088,232.9639,0,Relax
126.71121,502.54108,3474.4534,455.95825,929.1831,7058.948,198.6058,1361.4537,5416.667,709.21594,528.08405,3953.9543,301.03894,128.32347,13772.071,189.96144,1242.0007,9496.618,462.974,705.04565,10130.09,233.42064,196.90228,10701.535,1,Focus
2388.7588,30674.01,83.641914,697.70184,29416.262,105.98156,901.7912,8699.587,159.20045,490.29697,28861.71,70.991005,2552.9243,26616.941,62.239403,3145.19,34360.28,45.39331,1641.667,20030.387,74.31924,1739.7457,17253.78,46.171654,0,Relax
1573.598,26545.584,171.79189,726.21454,18394.385,194.79117,1085.7963,14492.848,58.478123,2465.0278,29058.03,147.9834,1487.9757,21906.676,285.67026,2849.6294,38310.746,168.43102,1785.8964,19123.195,213.83353,1124.797,30541.6,141.7214,0,Relax
545.57916,587.1223,8613.361,263.1033,712.7893,9518.219,293.6036,936.55835,7162.8804,435.90216,279.15952,12931.899,387.77176,601.5093,2934.218,212.44775,682.3267,5166.3594,138.25827,1057.0592,4161.808,335.32812,642.792,8715.87,1,Focus
255.90488,459.99338,7707.7017,433.76923,1012.92566,14436.97,496.80792,563.32495,14631.59,710.5484,1000.55035,6128.274,215.76202,1274.6157,6916.7256,261.25,620.79193,13383.35,620.9303,485.5266,6116.184,117.357666,371.86664,7840.3486,1,Focus
1544.3529,24946.188,58.631634,1473.006,13813.58,219.37181,2248.8923,44554.28,110.0143,900.41766,38714.965,68.96626,1650.1869,23242.41,134.70493,529.0007,23597.557,102.28915,2842.5688,37502.527,52.445793,2700.2249,4738.7324,796.7356,0,Relax
611.1038,17817.78,74.86491,13047.083,11636.393,253.1224,8615.402,10306.246,116.98019,907.0021,28266.867,304.47894,1851.2302,18547.932,373.8643,659.9273,11672.023,183.85002,832.29944,15512.353,152.80478,1875.3359,46572.56,109.329605,0,Relax
7247.232,16487.996,131.84001,712.3066,38332.62,81.527565,2719.8662,48549.1,113.476105,288.19095,18718.48,48.374596,1459.255,19175.193,177.46973,8437.464,5742.4004,113.50748,1157.0288,34026.367,284.25424,1293.4949,44781.75,112.786156,0,Relax
200.60414,704.29486,14915.429,271.53845,860.1294,5189.626,280.46896,396.0779,8182.743,282.1396,374.52338,2148.6064,358.76865,249.33383,14277.326,619.1337,634.68494,7188.2734,149.707,1210.1542,4826.605,373.6789,774.94965,16420.947,1,Focus
1790.8936,16767.428,246.83444,1167.0797,12963.929,148.38185,661.18396,23643.691,239.66194,1990.2518,32459.75,201.89981,2493.3716,40574.723,196.34305,1288.2566,22015.373,1535.0188,2803.4463,20826.957,210.64024,1008.3699,15177.815,93.44129,0,Relax
811.74884,24023.352,126.120155,545.65985,15521.8125,183.21971,982.6832,8958.732,132.98044,3402.7341,26590.512,90.14809,1376.9353,36352.008,305.02258,1810.3629,7319.0713,401.19437,2676.1567,13616.276,95.81567,919.5238,11859.508,85.90738,0,Relax
2019.6355,30837.504,98.532646,3161.663,48956.168,74.258766,508.6625,32553.943,141.8448,1158.3644,19348.143,61.12077,599.6445,30262.426,55.095554,991.0559,30259.998,81.520294,1025.2739,41030.625,258.74054,2557.1494,28572.3,189.00537,0,Relax
2710.9873,33051.305,64.863464,1487.0774,22950.438,292.45517,806.51825,38508.96,170.4031,1701.6218,23710.66,63.37806,3028.2668,7967.885,336.34415,1881.8066,20050.268,1837.2869,1380.3678,13933.732,267.17407,1058.1349,34935.66,334.504,0,Relax
749.8943,23095.857,217.40388,1149.9976,12929.365,119.77808,6630.4995,15829.325,91.53435,1193.4346,18828.152,588.3448,2645.4421,19912.787,64.972694,1948.7256,12912.536,105.122604,1082.9642,17788.92,117.571754,1646.3981,37880.258,138.92131,0,Relax
2013.2317,14790.458,136.16318,3142.1362,33967.21,240.70012,1648.5742,47626.848,101.328545,773.4558,19801.295,238.7749,2175.7034,23456.436,460.70474,1746.7059,32679.37,238.30472,700.4805,13607.416,1472.11,499.7025,33945.453,141.93156,0,Relax
1610.1957,15569.793,123.22936,2075.0378,20659.861,179.70811,2009.831,34455.387,68.59297,3458.99,26615.059,205.38997,1798.6049,12331.249,80.30722,1774.2744,43209.23,186.18695,691.77075,38114.4,201.15062,1909.5072,23835.512,242.0616,0,Relax
465.3919,272.48093,4432.3438,308.85837,436.02325,14142.675,138.69621,511.88315,6193.562,368.4156,367.4124,6857.256,456.32822,1543.3424,5274.5303,248.60104,112.94585,7733.784,273.92822,417.66818,1790.6962,211.40935,877.0436,12303.385,1,Focus
494.84915,388.47687,5748.9653,251.39574,372.4094,4987.1553,168.26555,1644.8081,6106.2812,343.13803,358.66074,3007.3726,261.1635,846.0048,11609.882,396.62094,1093.1316,2333.2388,615.34454,878.4064,11445.814,246.91914,1409.9757,4567.7334,1,Focus
213.93294,489.74124,10780.949,173.29582,399.58344,15067.649,250.15973,838.9836,9600.955,242.47777,241.44157,16046.3,151.68791,433.24442,5168.861,249.33894,192.57443,4511.1685,586.8775,1339.4452,3725.0515,235.56612,424.1931,6028.2114,1,Focus
117.8283,851.90643,7137.151,227.51695,1450.3379,6680.5986,234.04639,77.12418,6513.8975,137.08868,524.61426,9389.183,124.7031,393.89587,11435.734,351.57825,957.74615,9098.301,709.502,505.66132,5311.852,411.0252,773.3724,7399.458,1,Focus
1130.9498,24718.146,256.25177,1031.9427,23754.174,216.78668,2349.3577,18820.959,73.740585,2407.0007,20809.084,155.78226,1088.6211,4965.7476,1131.1392,711.2001,28196.71,353.1892,2782.8452,21810.22,312.78235,2305.6426,19304.965,319.011,0,Relax
374.10654,395.43442,6602.5503,196.5865,396.81906,15907.944,511.3663,415.1051,5592.261,236.10223,493.6215,15127.723,534.45447,283.07748,11875.717,165.08006,468.42676,9458.284,306.67258,426.2385,5862.6514,650.244,309.09872,6092.217,1,Focus
943.32275,18971.146,343.36737,1248.2823,41815.105,64.82762,482.6735,44030.824,130.89912,1996.7133,23785.113,64.58812,1784.7299,22135.035,79.172264,1890.0121,8316.4375,1692.8381,1538.6786,21311.676,320.16812,2025.32,30393.668,230.77829,0,Relax
7202.2915,9591.043,265.91162,718.33026,27180.082,257.54272,1279.4254,41367.223,89.91559,675.5144,44867.66,72.77197,1035.0922,20204.895,93.21573,640.9518,27034.955,365.3628,598.09503,11367.499,924.80786,1302.856,36916.914,245.44952,0,Relax
227.02742,297.7697,9527.799,234.08362,503.9492,4630.0664,546.1875,993.3181,3530.1836,251.19994,685.2631,14127.265,290.9543,733.6851,13202.261,309.30997,584.6597,3436.9617,587.3796,900.8506,10898.004,273.96255,698.31824,11503.334,1,Focus
7696.5747,4329.586,54.890987,1368.822,29192.904,138.3177,758.6508,34255.71,147.82141,2160.2441,21986.395,124.096344,1301.2195,11376.317,184.21901,315.9812,37639.473,94.61536,811.8289,27254.482,88.158775,451.5406,47416.438,83.06163,0,Relax
876.23346,21548.77,131.65291,725.15393,38436.93,125.943855,462.92178,25123.861,104.03586,1616.076,13623.225,255.14688,1345.7767,44635.88,252.99112,2789.1504,26398.06,182.15671,1009.72046,19423.162,134.01747,1031.5684,28376.225,47.97884,0,Relax
153.0441,827.6356,13431.29,168.81505,459.17038,4241.375,392.60648,577.7106,15197.821,306.87372,932.96234,3400.4653,233.4101,712.94366,10452.857,294.69113,1182.8337,5349.1094,83.06607,436.23438,9554.113,144.70372,440.08673,9866.338,1,Focus
187.18481,924.19305,3972.6094,69.04484,602.8351,15584.963,349.33768,358.18515,8391.568,237.31474,86.28236,8869.848,359.3122,538.55786,3164.6077,446.8458,729.25903,16216.313,480.6899,341.76453,4634.4507,457.7566,1088.6034,5650.6875,1,Focus
515.3025,1329.9834,11383.006,399.22186,1157.4734,6604.2266,149.47435,967.8998,13644.947,265.58633,366.6647,14334.61,363.34372,382.73868,4617.977,262.93927,577.0629,7032.807,284.12415,887.06604,10081.0625,292.82907,348.59335,8460.079,1,Focus
986.9959,20545.729,62.10063,2112.9329,26160.574,128.52853,2773.7258,29981.469,123.938354,1703.5175,24224.04,75.73428,2435.1697,12286.209,143.62254,1378.8804,30488.674,115.95557,757.5224,15964.253,135.27211,1679.706,35563.53,179.66324,0,Relax
418.67667,371.75793,9176.698,322.0736,1176.6104,11981.864,361.68292,335.34418,7208.989,185.3803,240.82962,4924.304,233.48534,885.08606,5293.266,540.75183,138.33917,14055.166,376.72092,721.25635,10107.963,730.01825,392.62735,6485.8438,1,Focus
406.63522,387.0609,7532.984,501.6717,1336.5155,13862.005,560.15936,500.17822,8540.878,166.70847,251.12825,9398.159,141.77696,335.67508,9679.485,244.40169,1211.58,7882.3545,457.18317,129.21768,4014.1313,596.2027,611.109,6334.1104,1,Focus
1985.678,27238.688,254.98953,1964.469,40409.312,327.2867,2634.8113,8097.791,97.06207,1972.6799,19225.912,114.40759,1595.2317,36073.45,123.01884,3090.119,34667.902,114.02211,535.793,20188.877,145.14703,1210.2201,11419.515,2333.5835,0,Relax
778.3473,39683.94,71.8072,445.56866,14085.808,1316.3557,3056.1716,17312.086,319.6179,558.2694,15074.555,150.30675,1921.4867,17172.21,75.59154,3056.8818,13151.059,192.95213,1037.4965,18158.932,109.39767,2735.1707,23395.273,175.41373,0,Relax
246.713,452.0349,5580.223,499.344,199.20952,3525.0405,343.46387,253.12924,8247.68,579.62366,719.0749,3760.4783,179.56305,420.94568,10073.186,319.6314,384.14456,14079.087,297.6333,621.28265,5696.271,219.07172,848.3717,9166.216,1,Focus
140.44794,322.42566,5174.666,185.53207,239.04333,4968.6973,219.0123,149.83957,8371.105,538.418,340.7269,3056.9236,265.73334,930.56433,9407.39,177.90823,1005.60376,7578.565,677.29877,1394.71,9755.833,226.79361,1007.4678,4772.046,1,Focus
